{
  "project_info": {
    "project_number": "201637281401",
    "project_id": "limit-figure-a3a8c",
    "storage_bucket": "limit-figure-a3a8c.appspot.com"
  },
  "client": [
    {
      "client_info": {
        "mobilesdk_app_id": "1:201637281401:android:b03a4566e6321dd9e05ea8",
        "android_client_info": {
          "package_name": "com.pn.cal"
        }
      },
      "oauth_client": [
        {
          "client_id": "201637281401-p2i1ffur5pg86a2gobfobgfrkf9a1avc.apps.googleusercontent.com",
          "client_type": 3
        }
      ],
      "api_key": [
        {
          "current_key": "AIzaSyBg6DRLsGz9KRg8kmkQyvMjoIrEfDW-Px8"
        }
      ],
      "services": {
        "appinvite_service": {
          "other_platform_oauth_client": [
            {
              "client_id": "201637281401-p2i1ffur5pg86a2gobfobgfrkf9a1avc.apps.googleusercontent.com",
              "client_type": 3
            }
          ]
        }
      }
    }
  ],
  "configuration_version": "1"
}